<?xml version="1.0" encoding="utf-8"?>
<!--
  Copyright 2014 Google, Inc

  Licensed under the Apache License, Version 2.0 (the "License");
  you may not use this file except in compliance with the License.
  You may obtain a copy of the License at

      http://www.apache.org/licenses/LICENSE-2.0

  Unless required by applicable law or agreed to in writing, software
  distributed under the License is distributed on an "AS IS" BASIS,
  WITHOUT WARRANTIES OR CONDITIONS OF ANY KIND, either express or implied.
  See the License for the specific language governing permissions and
  limitations under the License.
-->
<resources>

  <string name="app_name">Activity Recognition</string>
  <string name="action_settings">Settings</string>

  <!-- Activity detection strings -->
  <string name="in_vehicle">In a vehicle</string>
  <string name="on_bicycle">On a bicycle</string>
  <string name="on_foot">On foot</string>
  <string name="running">Running</string>
  <string name="still">Still</string>
  <string name="tilting">Tilting</string>
  <string name="unknown">Unknown activity</string>
  <string name="walking">Walking</string>
  <string name="unidentifiable_activity">Unidentifiable activity: %1$d</string>

  <string name="title_activity_main">MainActivity</string>
  <string name="detected_activities_title">Detected Activities</string>

  <string name="request_activity_updates">Request updates</string>
  <string name="remove_activity_updates">Remove updates</string>
  <string name="activity_updates_added">Activity updates added</string>
  <string name="activity_updates_enabled">Activity updates enabled</string>
  <string name="activity_updates_not_enabled">Failed to enable activity updates</string>
  <string name="activity_updates_removed">Activity updates removed</string>
  <string name="activity_updates_not_removed">Failed to remove activity updates</string>

  <string name="not_connected">GoogleApiClient not yet connected. Try again.</string>
  <string name="percent">%</string>

</resources>
